<?xml version="1.0" encoding="UTF-8"?><?xml-stylesheet type='text/xsl' href='_UpgradeReport_Files/UpgradeReport.xslt'?><UpgradeLog>
<Properties><Property Name="Solution" Value="TmShuttle">
</Property><Property Name="解决方案文件" Value="E:\My Documents\Visual Studio 2010\Projects\TmShuttle\TmShuttle\TmShuttle.sln">
</Property><Property Name="Date" Value="2013年10月29日星期二">
</Property><Property Name="Time" Value="10:18:13">
</Property></Properties><Event ErrorLevel="0" Project="BorderLabel" Source="..\BorderLabel\BorderLabel.csproj" Description="项目文件已成功备份为 E:\My Documents\Visual Studio 2010\Projects\TmShuttle\TmShuttle\Backup\BorderLabel.csproj">
</Event><Event ErrorLevel="0" Project="BorderLabel" Source="..\BorderLabel\BorderLabel.csproj.user" Description="项目用户文件成功备份为 E:\My Documents\Visual Studio 2010\Projects\TmShuttle\TmShuttle\Backup\BorderLabel.csproj.user">
</Event><Event ErrorLevel="0" Project="BorderLabel" Source="..\BorderLabel\BorderLabel.cs" Description="文件已成功备份为 E:\My Documents\Visual Studio 2010\Projects\TmShuttle\TmShuttle\Backup\BorderLabel.cs">
</Event><Event ErrorLevel="0" Project="BorderLabel" Source="..\BorderLabel\Properties\AssemblyInfo.cs" Description="文件已成功备份为 E:\My Documents\Visual Studio 2010\Projects\TmShuttle\TmShuttle\Backup\Properties\AssemblyInfo.cs">
</Event><Event ErrorLevel="0" Project="BorderLabel" Source="..\BorderLabel\License.html" Description="文件已成功备份为 E:\My Documents\Visual Studio 2010\Projects\TmShuttle\TmShuttle\Backup\License.html">
</Event><Event ErrorLevel="1" Project="BorderLabel" Source="..\BorderLabel\BorderLabel.csproj" Description="您的项目以 .NET Framework 2.0 或 3.0 为目标。如果您的项目使用的程序集需要更新的 .NET Framework，则项目生成将失败。通过单击项目菜单上的“属性”，然后在“.NET Framework”下拉框中选择一个新版本，可以更改 .NET Framework 的版本。(在 Visual Basic 中，可在单击“高级编辑器选项...”按钮时显示的“编译”选项卡上找到此下拉框。)">
</Event><Event ErrorLevel="0" Project="BorderLabel" Source="..\BorderLabel\BorderLabel.csproj" Description="项目已成功转换">
</Event><Event ErrorLevel="3" Project="BorderLabel" Source="..\BorderLabel\BorderLabel.csproj" Description="Converted">
</Event><Event ErrorLevel="0" Project="BorderLabel" Source="..\BorderLabel\BorderLabel.csproj" Description="扫描完成: 项目文件不需要升级。">
</Event></UpgradeLog>